ref_code,source_material_id
EMOBON00120,EMOBON_IUIEilat1_Wa_211018_0.2um_1
EMOBON00121,EMOBON_IUIEilat1_Wa_211018_0.2um_2
EMOBON00122,EMOBON_IUIEilat1_Wa_211018_3um_1
EMOBON00123,EMOBON_IUIEilat1_Wa_211018_3um_2
EMOBON00124,EMOBON_IUIEilat1_Wa_211219_0.2um_1
EMOBON00125,EMOBON_IUIEilat1_Wa_211219_0.2um_2
EMOBON00126,EMOBON_IUIEilat1_Wa_211219_3um_1
EMOBON00127,EMOBON_IUIEilat1_Wa_211219_3um_2
EMOBON00128,EMOBON_IUIEilat1_Wa_211219_0.2um_blank
EMOBON00129,EMOBON_IUIEilat1_Wa_211219_3um_blank
EMOBON00130,EMOBON_BPNS_Wa_211028_3um_1
EMOBON00131,EMOBON_BPNS_Wa_211028_3um_2
EMOBON00132,EMOBON_BPNS_Wa_211028_0.2um_1
EMOBON00133,EMOBON_BPNS_Wa_211028_0.2um_2
EMOBON00134,EMOBON_BPNS_Wa_211028_3um_blank
EMOBON00135,EMOBON_BPNS_Wa_211028_0.2um_blank
EMOBON00136,EMOBON_BPNS_Wa_211223_3um_1
EMOBON00137,EMOBON_BPNS_Wa_211223_3um_2
EMOBON00138,EMOBON_BPNS_Wa_211223_0.2um_1
EMOBON00139,EMOBON_BPNS_Wa_211223_0.2um_2
EMOBON00140,EMOBON_BPNS_So_211028_micro_1
EMOBON00141,EMOBON_BPNS_So_211028_micro_2
EMOBON00142,EMOBON_BPNS_So_211223_micro_1
EMOBON00143,EMOBON_BPNS_So_211223_micro_2
EMOBON00144,EMOBON_EMT21_Wa_211020_3um_1
EMOBON00145,EMOBON_EMT21_Wa_211020_3um_2
EMOBON00146,EMOBON_EMT21_Wa_211020_0.2um_1
EMOBON00147,EMOBON_EMT21_Wa_211020_0.2um_2
EMOBON00148,EMOBON_EMT21_Wa_211216_3um_1
EMOBON00149,EMOBON_EMT21_Wa_211216_3um_2
EMOBON00150,EMOBON_EMT21_Wa_211216_0.2um_1
EMOBON00151,EMOBON_EMT21_Wa_211216_0.2um_2
EMOBON00152,EMOBON_EMT21_Wa_211216_0.2um_blank
EMOBON00153,EMOBON_EMT21_Wa_211216_3um_blank
EMOBON00154,EMOBON_MBAL4_Wa_211103_3um_1
EMOBON00155,EMOBON_MBAL4_Wa_211103_3um_2
EMOBON00156,EMOBON_MBAL4_Wa_211103_0.2um_1
EMOBON00157,EMOBON_MBAL4_Wa_211103_0.2um_2
EMOBON00158,EMOBON_MBAL4_Wa_211216_3um_1
EMOBON00159,EMOBON_MBAL4_Wa_211216_3um_2
EMOBON00160,EMOBON_MBAL4_Wa_211216_0.2um_1
EMOBON00161,EMOBON_MBAL4_Wa_211216_0.2um_2
EMOBON00162,EMOBON_AAOT_Wa_211015_3um_1
EMOBON00163,EMOBON_AAOT_Wa_211015_3um_2
EMOBON00164,EMOBON_AAOT_Wa_211015_0.2um_1
EMOBON00165,EMOBON_AAOT_Wa_211015_0.2um_2
EMOBON00166,EMOBON_AAOT_Wa_211214_3um_1
EMOBON00167,EMOBON_AAOT_Wa_211214_3um_2
EMOBON00168,EMOBON_AAOT_Wa_211214_0.2um_1
EMOBON00169,EMOBON_AAOT_Wa_211214_0.2um_2
EMOBON00170,EMOBON_AAOT_Wa_211214_3um_blank
EMOBON00171,EMOBON_AAOT_Wa_211214_0.2um_blank
EMOBON00172,EMOBON_VB_Wa_211018_3um_1
EMOBON00173,EMOBON_VB_Wa_211018_3um_2
EMOBON00174,EMOBON_VB_Wa_211018_3um_blank
EMOBON00175,EMOBON_VB_Wa_211018_0.2um_1
EMOBON00176,EMOBON_VB_Wa_211018_0.2um_2
EMOBON00177,EMOBON_VB_Wa_211018_0.2um_blank
EMOBON00178,EMOBON_VB_Wa_211217_3um_1
EMOBON00179,EMOBON_VB_Wa_211217_3um_2
EMOBON00180,EMOBON_VB_Wa_211217_0.2um_1
EMOBON00181,EMOBON_VB_Wa_211217_0.2um_2
EMOBON00182,EMOBON_ROSKOGO_Wa_211014_3um_1
EMOBON00183,EMOBON_ROSKOGO_Wa_211014_3um_2
EMOBON00184,EMOBON_ROSKOGO_Wa_211014_0.2um_1
EMOBON00185,EMOBON_ROSKOGO_Wa_211014_0.2um_2
EMOBON00186,EMOBON_ROSKOGO_Wa_211014_3um_blank
EMOBON00187,EMOBON_ROSKOGO_Wa_211014_0.2um_blank
EMOBON00188,EMOBON_ROSKOGO_Wa_211213_3um_1
EMOBON00189,EMOBON_ROSKOGO_Wa_211213_3um_2
EMOBON00190,EMOBON_ROSKOGO_Wa_211213_0.2um_1
EMOBON00191,EMOBON_ROSKOGO_Wa_211213_0.2um_2
EMOBON00192,EMOBON_ROSKOGO_So_211119_micro_1
EMOBON00193,EMOBON_ROSKOGO_So_211119_micro_2
EMOBON00194,EMOBON_ROSKOGO_So_211222_micro_1
EMOBON00195,EMOBON_ROSKOGO_So_211222_micro_2
EMOBON00196,EMOBON_ESC68N_Wa_211104_3um_1
EMOBON00197,EMOBON_ESC68N_Wa_211104_3um_2
EMOBON00198,EMOBON_ESC68N_Wa_211104_0.2um_1
EMOBON00199,EMOBON_ESC68N_Wa_211104_0.2um_2
EMOBON00200,EMOBON_ESC68N_Wa_211104_3um_blank
EMOBON00201,EMOBON_ESC68N_Wa_211104_0.2um_blank
EMOBON00202,EMOBON_ESC68N_Wa_211215_3um_1
EMOBON00203,EMOBON_ESC68N_Wa_211215_3um_2
EMOBON00204,EMOBON_ESC68N_Wa_211215_0.2um_1
EMOBON00205,EMOBON_ESC68N_Wa_211215_0.2um_2
EMOBON00206,EMOBON_PiEGetxo_Wa_211027_3um_1
EMOBON00207,EMOBON_PiEGetxo_Wa_211027_3um_2
EMOBON00208,EMOBON_PiEGetxo_Wa_211027_0.2um_1
EMOBON00209,EMOBON_PiEGetxo_Wa_211027_0.2um_2
EMOBON00210,EMOBON_PiEGetxo_Wa_211222_3um_1
EMOBON00211,EMOBON_PiEGetxo_Wa_211222_3um_2
EMOBON00212,EMOBON_PiEGetxo_Wa_211222_0.2um_1
EMOBON00213,EMOBON_PiEGetxo_Wa_211222_0.2um_2
EMOBON00214,EMOBON_RFormosa_Wa_211022_3um_1
EMOBON00215,EMOBON_RFormosa_Wa_211022_3um_2
EMOBON00216,EMOBON_RFormosa_Wa_211022_0.2um_1
EMOBON00217,EMOBON_RFormosa_Wa_211022_0.2um_2
EMOBON00218,EMOBON_RFormosa_Wa_211220_3um_1
EMOBON00219,EMOBON_RFormosa_Wa_211220_3um_2
EMOBON00220,EMOBON_RFormosa_Wa_211220_0.2um_1
EMOBON00221,EMOBON_RFormosa_Wa_211220_0.2um_2
EMOBON00222,EMOBON_RFormosa_Wa_211220_3um_blank
EMOBON00223,EMOBON_RFormosa_Wa_211220_0.2um_blank
EMOBON00224,EMOBON_RFormosa_So_211022_micro_1
EMOBON00225,EMOBON_RFormosa_So_211022_micro_2
EMOBON00226,EMOBON_RFormosa_So_211220_micro_1
EMOBON00227,EMOBON_RFormosa_So_211220_micro_2
EMOBON00228,EMOBON_NRMCB_Wa_211026_3um_1
EMOBON00229,EMOBON_NRMCB_Wa_211026_3um_2
EMOBON00230,EMOBON_NRMCB_Wa_211026_0.2um_1
EMOBON00231,EMOBON_NRMCB_Wa_211026_0.2um_2
EMOBON00232,EMOBON_NRMCB_Wa_211221_3um_1
EMOBON00233,EMOBON_NRMCB_Wa_211221_3um_2
EMOBON00234,EMOBON_NRMCB_Wa_211221_0.2um_1
EMOBON00235,EMOBON_NRMCB_Wa_211221_0.2um_2
EMOBON00236,EMOBON_NRMCB So 211026_micro_1
EMOBON00237,EMOBON_NRMCB So 211026_micro_2
EMOBON00238,EMOBON_NRMCB So 211221_micro_1
EMOBON00239,EMOBON_NRMCB So 211221_micro_2
EMOBON00240,EMOBON_OOB_So_211012_micro_1
EMOBON00241,EMOBON_OOB_So_211012_micro_2
EMOBON00242,EMOBON_OOB_So_211209_micro_1
EMOBON00243,EMOBON_OOB_So_211209_micro_2
EMOBON00244,EMOBON_OSD74_Wa_211028_3um_1
EMOBON00245,EMOBON_OSD74_Wa_211028_0.2um_1
EMOBON00246,EMOBON_OSD74_Wa_211028_3um_2
EMOBON00247,EMOBON_OSD74_Wa_211028_0.2um_2
EMOBON00248,EMOBON_OSD74_Wa_211218_3um_1
EMOBON00249,EMOBON_OSD74_Wa_211218_0.2um_1
EMOBON00250,EMOBON_OSD74_Wa_211218_3um_2
EMOBON00251,EMOBON_OSD74_Wa_211218_0.2um_2
EMOBON00252,EMOBON_OSD74_Wa_211218_3um_blank
EMOBON00253,EMOBON_OSD74_Wa_211218_0.2um_blank
